architecture_version,git_commit,stage,seed,status,selected_epoch,final_epoch,checkpoint,wandb_file,train_accuracy,train_ce_loss,val_accuracy,val_ce_loss,val_balanced_accuracy,val_auroc,val_majority_accuracy,val_empirical_prior_ce,val_positive_recall,val_negative_recall,val_mean_logit_std,val_population_logit_std,val_tail_logit_std,val_oracle_abundance_auroc,val_oracle_model_auroc_gap
18,0049da9b918526c5ab8bf52525221fa505db7dd6,A,42,completed,5,19,checkpoints/learnability_ladder/A/seed_42/epoch=005-val_accuracy=1.0000.ckpt,logs/wandb/offline-run-20260723_112109-ixdtrgxx/run-ixdtrgxx.wandb,1,3.152637873427011e-06,1,0.008890858851373196,1,1,0.5384615659713745,0.6901856660842896,1,1,2.26662015914917,0.01010205689817667,0.017192022874951363,,
18,a2323c303661ef5561c19cec5cdbf9f8e315fd5d,A,43,completed,5,19,checkpoints/learnability_ladder/A/seed_43/epoch=005-val_accuracy=1.0000.ckpt,logs/wandb/offline-run-20260723_112743-gdr56mb9/run-gdr56mb9.wandb,1,4.784669371815653e-08,1,5.987941676721675e-06,1,1,0.5384615659713745,0.6901856660842896,1,1,7.038408279418945,3.0221031011024024e-06,0.042317669838666916,,
18,a2323c303661ef5561c19cec5cdbf9f8e315fd5d,A,44,completed,5,19,checkpoints/learnability_ladder/A/seed_44/epoch=005-val_accuracy=1.0000.ckpt,logs/wandb/offline-run-20260723_113634-zc50qngy/run-zc50qngy.wandb,1,2.76742275673314e-06,1,0.010927422903478146,1,1,0.5384615659713745,0.6901856660842896,1,1,2.2769479751586914,0.00038938893703743815,0.011975018307566643,,
18,a2323c303661ef5561c19cec5cdbf9f8e315fd5d,B,42,completed,5,19,checkpoints/learnability_ladder/B/seed_42/epoch=005-val_accuracy=1.0000.ckpt,logs/wandb/offline-run-20260723_114325-on9a9hfp/run-on9a9hfp.wandb,1,1.9649029127322137e-05,1,1.722370507195592e-05,1,1,0.6189903616905212,0.6511010527610779,1,1,1.213685154914856,0.0010171083267778158,0.030492234975099564,,
18,a2323c303661ef5561c19cec5cdbf9f8e315fd5d,B,43,completed,5,19,checkpoints/learnability_ladder/B/seed_43/epoch=005-val_accuracy=1.0000.ckpt,logs/wandb/offline-run-20260723_123116-a47hxyu5/run-a47hxyu5.wandb,1,1.1558086043805815e-05,1,1.1009436093445402e-05,1,1,0.6189903616905212,0.6511010527610779,1,1,1.2411370277404785,0.050841670483350754,0.005094242747873068,,
18,a2323c303661ef5561c19cec5cdbf9f8e315fd5d,B,44,completed,5,19,checkpoints/learnability_ladder/B/seed_44/epoch=005-val_accuracy=1.0000.ckpt,logs/wandb/offline-run-20260723_124454-i28bsj4r/run-i28bsj4r.wandb,1,1.913974847411737e-05,1,1.742815766192507e-05,1,1,0.6189903616905212,0.6511010527610779,1,1,1.2471140623092651,0.0009959854651242495,0.008394554257392883,,
18,835b7268f82974fbcf32262e06ceb6e61fd7aa94,C,42,completed,8,19,checkpoints/learnability_ladder/C/seed_42/epoch=008-val_ce_loss=0.6816.ckpt,logs/wandb/offline-run-20260723_150006-r24asmrl/run-r24asmrl.wandb,0.5530598163604736,0.6832360625267029,0.5725235939025879,0.6815809011459351,0.566964328289032,0.573409914970398,0.6002358198165894,0.6624745726585388,0.5648261308670044,0.5691024661064148,0.2161918431520462,0.0005337924812920392,0.00887090340256691,,
18,835b7268f82974fbcf32262e06ceb6e61fd7aa94,C,43,completed,5,19,checkpoints/learnability_ladder/C/seed_43/epoch=005-val_ce_loss=0.6811.ckpt,logs/wandb/offline-run-20260723_155147-d60gkg0l/run-d60gkg0l.wandb,0.5531755089759827,0.6824276447296143,0.5636792182922363,0.68105149269104,0.5607916116714478,0.5858615040779114,0.6002358198165894,0.6624745726585388,0.5645826458930969,0.5570005178451538,0.16793422400951385,0.0028745101299136877,0.027020147070288658,,
18,835b7268f82974fbcf32262e06ceb6e61fd7aa94,C,44,completed,16,19,checkpoints/learnability_ladder/C/seed_44/epoch=016-val_ce_loss=0.6809.ckpt,logs/wandb/offline-run-20260723_162917-cdag0lzj/run-cdag0lzj.wandb,0.5484856963157654,0.6839523315429688,0.551886796951294,0.680902898311615,0.5523444414138794,0.5814983248710632,0.6002358198165894,0.6624745726585388,0.5417245030403137,0.5629642605781555,0.2641947269439697,8.795220492174849e-05,0.00820332020521164,,
18,835b7268f82974fbcf32262e06ceb6e61fd7aa94,C0,42,completed,11,19,checkpoints/learnability_ladder/C0/seed_42/epoch=011-val_ce_loss=0.0694.ckpt,logs/wandb/offline-run-20260723_201432-fsaxnej2/run-fsaxnej2.wandb,0.9718830585479736,0.07344475388526917,0.9711538553237915,0.06944006681442261,0.9697571992874146,0.9971458911895752,0.6124260425567627,0.6502603888511658,0.956444263458252,0.9830700755119324,0.8733887076377869,0.0002176952111767605,0.012214906513690948,,
18,835b7268f82974fbcf32262e06ceb6e61fd7aa94,C0,43,completed,16,19,checkpoints/learnability_ladder/C0/seed_43/epoch=016-val_ce_loss=0.0692.ckpt,logs/wandb/offline-run-20260723_204243-7xa2ltbu/run-7xa2ltbu.wandb,0.9754629731178284,0.06738685071468353,0.9696745276451111,0.06916293501853943,0.9707890748977661,0.9976382255554199,0.6124260425567627,0.6502603888511658,0.9569208025932312,0.9846572279930115,0.8539890050888062,0.00025136396288871765,0.036693692207336426,,
18,835b7268f82974fbcf32262e06ceb6e61fd7aa94,C0,44,completed,19,19,checkpoints/learnability_ladder/C0/seed_44/epoch=019-val_ce_loss=0.0622.ckpt,logs/wandb/offline-run-20260723_211134-o94fcjk8/run-o94fcjk8.wandb,0.9761512875556946,0.06605623662471771,0.9792899489402771,0.062245722860097885,0.9791951179504395,0.9983097314834595,0.6124260425567627,0.6502603888511658,0.9706612229347229,0.9877288341522217,0.8270851373672485,1.0627501069393475e-05,0.02458009123802185,,
18,835b7268f82974fbcf32262e06ceb6e61fd7aa94,C1,42,completed,12,19,checkpoints/learnability_ladder/C1/seed_42/epoch=012-val_ce_loss=0.0399.ckpt,logs/wandb/offline-run-20260723_230523-npm37o59/run-npm37o59.wandb,0.9819402694702148,0.05001277104020119,0.9866864085197449,0.03988208249211311,0.9869257211685181,0.9993017315864563,0.6116864085197449,0.65256267786026,0.9856760501861572,0.9881753325462341,0.931387186050415,1.8468810480953834e-07,0.003019080962985754,,
18,835b7268f82974fbcf32262e06ceb6e61fd7aa94,C1,43,completed,19,19,checkpoints/learnability_ladder/C1/seed_43/epoch=019-val_ce_loss=0.0406.ckpt,logs/wandb/offline-run-20260723_233407-irio6jp5/run-irio6jp5.wandb,0.9831483364105225,0.04777514189481735,0.9852070808410645,0.040644627064466476,0.9839400053024292,0.9990842938423157,0.6116864085197449,0.65256267786026,0.9806547164916992,0.9872252345085144,0.9547204971313477,1.142346093274682e-07,0.0028839935548603535,,
18,835b7268f82974fbcf32262e06ceb6e61fd7aa94,C1,44,completed,14,19,checkpoints/learnability_ladder/C1/seed_44/epoch=014-val_ce_loss=0.0393.ckpt,logs/wandb/offline-run-20260724_000300-gv4rmzwd/run-gv4rmzwd.wandb,0.9816049933433533,0.05108506605029106,0.9874260425567627,0.03932492807507515,0.9867541193962097,0.9988210201263428,0.6116864085197449,0.65256267786026,0.9809829592704773,0.9925251603126526,0.9534935355186462,1.535241089811734e-08,0.031538233160972595,,
18,835b7268f82974fbcf32262e06ceb6e61fd7aa94,C2,42,completed,6,19,checkpoints/learnability_ladder/C2/seed_42/epoch=006-val_ce_loss=0.0490.ckpt,logs/wandb/offline-run-20260724_003139-7exliy05/run-7exliy05.wandb,0.9759004712104797,0.0656079426407814,0.9815088510513306,0.04903269559144974,0.9835410118103027,0.9990232586860657,0.6168639063835144,0.6517336368560791,0.9694857001304626,0.9975961446762085,0.8392713069915771,0.0003255152842029929,0.015316864475607872,,
18,835b7268f82974fbcf32262e06ceb6e61fd7aa94,C2,43,completed,6,19,checkpoints/learnability_ladder/C2/seed_43/epoch=006-val_ce_loss=0.0436.ckpt,logs/wandb/offline-run-20260724_010003-xu5190gk/run-xu5190gk.wandb,0.9772467613220215,0.06314978003501892,0.9866864085197449,0.04363970085978508,0.9869294762611389,0.9995192289352417,0.6168639063835144,0.6517336368560791,0.979387640953064,0.9944711923599243,0.8513022065162659,0.0003483091713860631,0.010304223746061325,,
18,835b7268f82974fbcf32262e06ceb6e61fd7aa94,C2,44,completed,10,19,checkpoints/learnability_ladder/C2/seed_44/epoch=010-val_ce_loss=0.0538.ckpt,logs/wandb/offline-run-20260724_012843-c4ghz2ef/run-c4ghz2ef.wandb,0.9787116646766663,0.059798698872327805,0.9815088510513306,0.05382591858506203,0.9824593663215637,0.9990821480751038,0.6168639063835144,0.6517336368560791,0.9754957556724548,0.9894230365753174,0.8976100087165833,2.4208837157146945e-09,0.015011856332421303,,
18,835b7268f82974fbcf32262e06ceb6e61fd7aa94,C3,42,completed,16,19,checkpoints/learnability_ladder/C3/seed_42/epoch=016-val_ce_loss=0.0912.ckpt,logs/wandb/offline-run-20260724_015713-lckirvu5/run-lckirvu5.wandb,0.9627062082290649,0.09816774725914001,0.9667159914970398,0.09117702394723892,0.9674049019813538,0.9940378665924072,0.6139053106307983,0.6512770056724548,0.9494158625602722,0.9853938221931458,0.8928834795951843,6.370359528773406e-08,0.015315919183194637,,
18,835b7268f82974fbcf32262e06ceb6e61fd7aa94,C3,43,completed,6,19,checkpoints/learnability_ladder/C3/seed_43/epoch=006-val_ce_loss=0.0919.ckpt,logs/wandb/offline-run-20260724_022538-uylhzdj3/run-uylhzdj3.wandb,0.9609249830245972,0.10530930757522583,0.9637573957443237,0.09185867756605148,0.9646251797676086,0.9963140487670898,0.6139053106307983,0.6512770056724548,0.9379766583442688,0.9912735819816589,0.7736595869064331,1.3865309256289038e-06,0.010147820226848125,,
18,835b7268f82974fbcf32262e06ceb6e61fd7aa94,C3,44,completed,8,19,checkpoints/learnability_ladder/C3/seed_44/epoch=008-val_ce_loss=0.0942.ckpt,logs/wandb/offline-run-20260724_025405-8zvphrxm/run-8zvphrxm.wandb,0.9613348841667175,0.10189584642648697,0.9630177617073059,0.09419187158346176,0.9636958241462708,0.9955623745918274,0.6139053106307983,0.6512770056724548,0.9485531449317932,0.9788385033607483,0.8182176947593689,0.0003080509486608207,0.013917134143412113,,
18,835b7268f82974fbcf32262e06ceb6e61fd7aa94,C4,42,completed,13,19,checkpoints/learnability_ladder/C4/seed_42/epoch=013-val_ce_loss=0.6773.ckpt,logs/wandb/offline-run-20260724_032225-h1haek48/run-h1haek48.wandb,0.567789614200592,0.6784031987190247,0.5701650977134705,0.6773194074630737,0.567801833152771,0.5925068855285645,0.6090801954269409,0.65891432762146,0.5840625166893005,0.5515411496162415,0.3010692596435547,3.3144024769171665e-07,0.0051542120054364204,0.972161054611206,0.37965425848960876
18,835b7268f82974fbcf32262e06ceb6e61fd7aa94,C4,43,completed,19,19,checkpoints/learnability_ladder/C4/seed_43/epoch=019-val_ce_loss=0.6781.ckpt,logs/wandb/offline-run-20260724_035913-euj7944h/run-euj7944h.wandb,0.5662967562675476,0.6772307753562927,0.5683962106704712,0.678135871887207,0.5670289397239685,0.586895227432251,0.6090801954269409,0.65891432762146,0.5638828277587891,0.5701749324798584,0.2898936867713928,0.024952897801995277,0.004105685744434595,0.972161054611206,0.38526591658592224
18,835b7268f82974fbcf32262e06ceb6e61fd7aa94,C4,44,completed,5,19,checkpoints/learnability_ladder/C4/seed_44/epoch=005-val_ce_loss=0.6747.ckpt,logs/wandb/offline-run-20260724_043621-e0ox9mvc/run-e0ox9mvc.wandb,0.5669910311698914,0.6778373122215271,0.5725235939025879,0.674660861492157,0.5701808333396912,0.6145311594009399,0.6090801954269409,0.65891432762146,0.5722398161888123,0.5681220293045044,0.20416250824928284,0.03408695384860039,0.007711123209446669,0.972161054611206,0.3576299548149109
18,835b7268f82974fbcf32262e06ceb6e61fd7aa94,C4-D,42,completed,17,19,checkpoints/learnability_ladder/C4-D/seed_42/epoch=017-val_ce_loss=0.2785.ckpt,logs/wandb/offline-run-20260724_143150-3fm80u2u/run-3fm80u2u.wandb,0.8853402733802795,0.2710062861442566,0.8720518946647644,0.2784809172153473,0.8707302212715149,0.9308150410652161,0.6061320900917053,0.6567448377609253,0.8171442151069641,0.9243161082267761,0.7876797318458557,0.00020704427151940763,0.007889747619628906,,
18,835b7268f82974fbcf32262e06ceb6e61fd7aa94,C4-D,43,completed,18,19,checkpoints/learnability_ladder/C4-D/seed_43/epoch=018-val_ce_loss=0.2648.ckpt,logs/wandb/offline-run-20260724_150633-yv9ogyno/run-yv9ogyno.wandb,0.8799558281898499,0.27760401368141174,0.8867924809455872,0.2647942006587982,0.8860903978347778,0.9463511109352112,0.6061320900917053,0.6567448377609253,0.8415849804878235,0.9305956959724426,0.7770581245422363,1.0140474415720746e-07,0.01133439689874649,,
18,835b7268f82974fbcf32262e06ceb6e61fd7aa94,C4-D,44,completed,10,19,checkpoints/learnability_ladder/C4-D/seed_44/epoch=010-val_ce_loss=0.2742.ckpt,logs/wandb/offline-run-20260724_154111-m3g5hzt5/run-m3g5hzt5.wandb,0.8817088603973389,0.2785734236240387,0.8844339847564697,0.2742304503917694,0.8766111731529236,0.9395661354064941,0.6061320900917053,0.6567448377609253,0.8304073214530945,0.9228151440620422,0.7280030846595764,4.788518026543898e-07,0.005801092367619276,,
18,835b7268f82974fbcf32262e06ceb6e61fd7aa94,C4-N,42,completed,19,19,checkpoints/learnability_ladder/C4-N/seed_42/epoch=019-val_ce_loss=0.6638.ckpt,logs/wandb/offline-run-20260724_103343-1pq2cxna/run-1pq2cxna.wandb,0.6251161098480225,0.6451138854026794,0.5968934893608093,0.6638405919075012,0.6021157503128052,0.6471108198165894,0.6176035404205322,0.6494037508964539,0.602199912071228,0.6020316481590271,0.40212345123291016,0.006746036000549793,0.014121467247605324,,
18,835b7268f82974fbcf32262e06ceb6e61fd7aa94,C4-N,43,completed,10,19,checkpoints/learnability_ladder/C4-N/seed_43/epoch=010-val_ce_loss=0.6646.ckpt,logs/wandb/offline-run-20260724_110229-1ip9kgp0/run-1ip9kgp0.wandb,0.6232938766479492,0.6468503475189209,0.6102070808410645,0.6646081209182739,0.6107044816017151,0.651310920715332,0.6176035404205322,0.6494037508964539,0.5989336967468262,0.6224751472473145,0.3663129508495331,3.769088289118372e-05,0.04545620083808899,,
18,835b7268f82974fbcf32262e06ceb6e61fd7aa94,C4-N,44,completed,17,19,checkpoints/learnability_ladder/C4-N/seed_44/epoch=017-val_ce_loss=0.6685.ckpt,logs/wandb/offline-run-20260724_113101-6eo0zl8w/run-6eo0zl8w.wandb,0.6243671178817749,0.6462373733520508,0.5902366638183594,0.668501079082489,0.5931415557861328,0.6433171629905701,0.6176035404205322,0.6494037508964539,0.5894817113876343,0.5968014597892761,0.39463376998901367,0.0043590134009718895,0.0058109634555876255,,
18,835b7268f82974fbcf32262e06ceb6e61fd7aa94,C5,42,completed,16,19,checkpoints/learnability_ladder/C5/seed_42/epoch=016-val_ce_loss=0.6787.ckpt,logs/wandb/offline-run-20260724_051305-ibx0f4ef/run-ibx0f4ef.wandb,0.5598648190498352,0.6806927919387817,0.5843160152435303,0.6787099242210388,0.580686092376709,0.5941532254219055,0.6090801954269409,0.65891432762146,0.592201828956604,0.5691702961921692,0.3183267414569855,0.008725338615477085,0.005778037942945957,,
18,835b7268f82974fbcf32262e06ceb6e61fd7aa94,C5,43,completed,19,19,checkpoints/learnability_ladder/C5/seed_43/epoch=019-val_ce_loss=0.6792.ckpt,logs/wandb/offline-run-20260724_055005-jpmyvdau/run-jpmyvdau.wandb,0.5633761882781982,0.6791502833366394,0.5613207817077637,0.6791807413101196,0.5586146712303162,0.5858857035636902,0.6090801954269409,0.65891432762146,0.5583721399307251,0.5588572025299072,0.314483106136322,0.002900828141719103,0.008522460237145424,,
18,835b7268f82974fbcf32262e06ceb6e61fd7aa94,C5,44,completed,5,19,checkpoints/learnability_ladder/C5/seed_44/epoch=005-val_ce_loss=0.6757.ckpt,logs/wandb/offline-run-20260724_062653-87y0198h/run-87y0198h.wandb,0.5631045699119568,0.6798180341720581,0.5713443160057068,0.6756828427314758,0.5696566700935364,0.6071767807006836,0.6090801954269409,0.65891432762146,0.5786057114601135,0.5607077479362488,0.19543205201625824,0.008247269317507744,0.009616322815418243,,
18,835b7268f82974fbcf32262e06ceb6e61fd7aa94,D0,42,completed,5,19,checkpoints/learnability_ladder/D0/seed_42/epoch=005-val_ce_loss=0.6781.ckpt,logs/wandb/offline-run-20260724_224230-wxncytnm/run-wxncytnm.wandb,0.5669745802879333,0.6791309118270874,0.5666273832321167,0.6781318187713623,0.5672386884689331,0.5974200367927551,0.5972877144813538,0.6648028492927551,0.5667338967323303,0.5677434206008911,0.19518160820007324,0.003833723720163107,0.012260191142559052,1.0010465383529663,0.40362656116485596
18,835b7268f82974fbcf32262e06ceb6e61fd7aa94,D0,43,completed,17,19,checkpoints/learnability_ladder/D0/seed_43/epoch=017-val_ce_loss=0.6789.ckpt,logs/wandb/offline-run-20260724_231604-8fsvwqi1/run-8fsvwqi1.wandb,0.5674346089363098,0.6788402795791626,0.573113203048706,0.6789019107818604,0.572314441204071,0.6013402938842773,0.5972877144813538,0.6648028492927551,0.5652256011962891,0.579403281211853,0.3052210509777069,0.10240288823843002,0.01013126876205206,1.0010465383529663,0.39970630407333374
18,835b7268f82974fbcf32262e06ceb6e61fd7aa94,D0,44,failed,5,9,checkpoints/learnability_ladder/D0/seed_44/epoch=005-val_ce_loss=0.6802.ckpt,logs/wandb/offline-run-20260724_235004-839csafh/run-839csafh.wandb,0.5727487206459045,0.6774095296859741,0.5577830076217651,0.6801711916923523,0.5574650168418884,0.5894668102264404,0.5972877144813538,0.6648028492927551,0.5541883707046509,0.5607414841651917,0.19623488187789917,0.03400401771068573,0.0038291672244668007,1.0010465383529663,0.41157978773117065
18,835b7268f82974fbcf32262e06ceb6e61fd7aa94,D0,45,completed,18,19,checkpoints/learnability_ladder/D0/seed_45/epoch=018-val_ce_loss=0.6807.ckpt,logs/wandb/offline-run-20260728_111103-80xdqbv1/run-80xdqbv1.wandb,0.5694096684455872,0.6778565645217896,0.5471698045730591,0.6806841492652893,0.5490659475326538,0.5797749161720276,0.5972877144813538,0.6648028492927551,0.5399714112281799,0.5581604838371277,0.31559473276138306,5.897580646063716e-09,0.035778939723968506,1.0010465383529663,0.4212717115879059
18,835b7268f82974fbcf32262e06ceb6e61fd7aa94,D1,42,completed,18,19,checkpoints/learnability_ladder/D1/seed_42/epoch=018-val_ce_loss=0.3690.ckpt,logs/wandb/offline-run-20260728_114535-5qzdzt5n/run-5qzdzt5n.wandb,0.8302161693572998,0.37629035115242004,0.8319575190544128,0.36896035075187683,0.8284238576889038,0.898162841796875,0.5972877144813538,0.6648028492927551,0.7669920921325684,0.8898555636405945,0.7312849760055542,0.00116522959433496,0.016982531175017357,1.0010465383529663,0.10288363695144653
18,835b7268f82974fbcf32262e06ceb6e61fd7aa94,D1,43,completed,18,19,checkpoints/learnability_ladder/D1/seed_43/epoch=018-val_ce_loss=0.3678.ckpt,logs/wandb/offline-run-20260728_122002-kplbzip2/run-kplbzip2.wandb,0.8264895677566528,0.378790020942688,0.8313679099082947,0.367816686630249,0.830149233341217,0.904158890247345,0.5972877144813538,0.6648028492927551,0.7647132277488708,0.8955851197242737,0.7070919871330261,4.47636914202576e-08,0.011788123287260532,1.0010465383529663,0.09688767790794373
18,835b7268f82974fbcf32262e06ceb6e61fd7aa94,D1,44,completed,19,19,checkpoints/learnability_ladder/D1/seed_44/epoch=019-val_ce_loss=0.3614.ckpt,logs/wandb/offline-run-20260728_125428-l5bb00x2/run-l5bb00x2.wandb,0.8316413164138794,0.3691565990447998,0.8366745114326477,0.36142194271087646,0.8330777883529663,0.9131938219070435,0.5972877144813538,0.6648028492927551,0.7583380937576294,0.9078176021575928,0.695448100566864,1.7907048288634542e-08,0.0058862329460680485,1.0010465383529663,0.08785276859998703
18,835b7268f82974fbcf32262e06ceb6e61fd7aa94,D2,42,completed,18,19,checkpoints/learnability_ladder/D2/seed_42/epoch=018-val_ce_loss=0.3672.ckpt,logs/wandb/offline-run-20260728_132851-f32pb2in/run-f32pb2in.wandb,0.8390242457389832,0.3627322018146515,0.8449292182922363,0.3671995997428894,0.8420859575271606,0.9059198498725891,0.5972877144813538,0.6648028492927551,0.7837024927139282,0.9004694223403931,0.6896182298660278,7.781149179209024e-05,0.006235372740775347,0.9693426489830017,0.06342276185750961
18,835b7268f82974fbcf32262e06ceb6e61fd7aa94,D2,43,completed,15,19,checkpoints/learnability_ladder/D2/seed_43/epoch=015-val_ce_loss=0.3631.ckpt,logs/wandb/offline-run-20260728_140256-42dqxera/run-42dqxera.wandb,0.8397239446640015,0.36314237117767334,0.8413915038108826,0.36311277747154236,0.8379386067390442,0.9082046151161194,0.5972877144813538,0.6648028492927551,0.7735640406608582,0.9023131728172302,0.6696004271507263,1.8872879081754945e-06,0.007818554528057575,0.9693426489830017,0.06113789230585098
18,835b7268f82974fbcf32262e06ceb6e61fd7aa94,D2,44,completed,19,19,checkpoints/learnability_ladder/D2/seed_44/epoch=019-val_ce_loss=0.3578.ckpt,logs/wandb/offline-run-20260728_143649-8dczjknn/run-8dczjknn.wandb,0.839496374130249,0.35740530490875244,0.8325471878051758,0.35782939195632935,0.8297936916351318,0.9092164039611816,0.5972877144813538,0.6648028492927551,0.7585436701774597,0.9010436534881592,0.6463068723678589,2.629007056498267e-08,0.008849911391735077,0.9693426489830017,0.0601261667907238
18,835b7268f82974fbcf32262e06ceb6e61fd7aa94,D3,42,completed,19,19,checkpoints/learnability_ladder/D3/seed_42/epoch=019-val_ce_loss=0.2732.ckpt,logs/wandb/offline-run-20260728_151047-24hkk81s/run-24hkk81s.wandb,0.8844925761222839,0.27046483755111694,0.880306601524353,0.27321693301200867,0.8804876804351807,0.941247820854187,0.5972877144813538,0.6648028492927551,0.8317967057228088,0.9291786551475525,0.8146092295646667,0.0036178906448185444,0.010839809663593769,1.0010465383529663,0.059798676520586014
18,835b7268f82974fbcf32262e06ceb6e61fd7aa94,D3,43,completed,6,19,checkpoints/learnability_ladder/D3/seed_43/epoch=006-val_ce_loss=0.2673.ckpt,logs/wandb/offline-run-20260728_154418-vzs78jdz/run-vzs78jdz.wandb,0.8788589239120483,0.27930760383605957,0.8862028121948242,0.2673029899597168,0.8870124220848083,0.950105607509613,0.5972877144813538,0.6648028492927551,0.8423211574554443,0.9317036271095276,0.6793060302734375,0.0012902355520054698,0.008424204774200916,1.0010465383529663,0.050940901041030884
18,835b7268f82974fbcf32262e06ceb6e61fd7aa94,D3,44,completed,18,19,checkpoints/learnability_ladder/D3/seed_44/epoch=018-val_ce_loss=0.2742.ckpt,logs/wandb/offline-run-20260728_161905-k4sqo22j/run-k4sqo22j.wandb,0.883737325668335,0.27241507172584534,0.8820754885673523,0.2741732597351074,0.8842684030532837,0.9437153935432434,0.5972877144813538,0.6648028492927551,0.8435172438621521,0.925019383430481,0.7401618361473083,1.7057843137990858e-08,0.02974298596382141,1.0010465383529663,0.05733117461204529
18,835b7268f82974fbcf32262e06ceb6e61fd7aa94,D4,42,completed,19,19,checkpoints/learnability_ladder/D4/seed_42/epoch=019-val_ce_loss=0.3164.ckpt,logs/wandb/offline-run-20260728_165328-035uk6e2/run-035uk6e2.wandb,0.8607175946235657,0.31887516379356384,0.8596698045730591,0.31638652086257935,0.856787919998169,0.9251478910446167,0.5972877144813538,0.6648028492927551,0.8277279734611511,0.8858478665351868,0.7515591382980347,0.009427867829799652,0.007768318988382816,1.0010465383529663,0.07589859515428543
18,835b7268f82974fbcf32262e06ceb6e61fd7aa94,D4,43,completed,13,19,checkpoints/learnability_ladder/D4/seed_43/epoch=013-val_ce_loss=0.3027.ckpt,logs/wandb/offline-run-20260728_172804-3vzod55l/run-3vzod55l.wandb,0.8621383309364319,0.3172544538974762,0.8720518946647644,0.30267733335494995,0.8687793612480164,0.9343606233596802,0.5972877144813538,0.6648028492927551,0.8447182178497314,0.8928406238555908,0.7222291231155396,2.0341913398169709e-07,0.005671363789588213,1.0010465383529663,0.06668592989444733
18,835b7268f82974fbcf32262e06ceb6e61fd7aa94,D4,44,completed,17,19,checkpoints/learnability_ladder/D4/seed_44/epoch=017-val_ce_loss=0.3024.ckpt,logs/wandb/offline-run-20260728_180226-nooe1pgh/run-nooe1pgh.wandb,0.8614211678504944,0.31759408116340637,0.8667452931404114,0.30244946479797363,0.8614934682846069,0.9336518049240112,0.5972877144813538,0.6648028492927551,0.8286433219909668,0.8943435549736023,0.7414925694465637,1.3511431973256549e-08,0.01991828717291355,1.0010465383529663,0.06739472597837448
